enrollee_id,city,city_development_index,relevent_experience,enrolled_university,education_level,major_discipline,experience,company_size,company_type,last_new_job
12581,city_104,0.924,Has relevent experience,Full time course,Graduate,STEM,3,<10,Pvt Ltd,never
6444,city_114,0.926,Has relevent experience,no_enrollment,Graduate,STEM,16,1000-4999,Pvt Ltd,4
17221,city_21,0.624,No relevent experience,Full time course,Graduate,STEM,4,,,never
20635,city_21,0.624,No relevent experience,Part time course,Graduate,STEM,1,10000+,Pvt Ltd,1
19794,city_16,0.91,No relevent experience,Full time course,Graduate,STEM,5,50-99,Public Sector,2
12759,city_136,0.897,Has relevent experience,Full time course,Masters,STEM,8,100-500,Pvt Ltd,2
3407,city_128,0.527,Has relevent experience,no_enrollment,Graduate,STEM,6,10/49,Pvt Ltd,1
32278,city_2,0.7879999999999999,No relevent experience,Part time course,Graduate,STEM,2,,,2
33108,city_103,0.92,Has relevent experience,no_enrollment,Graduate,STEM,14,10000+,Pvt Ltd,>4
21657,city_57,0.866,No relevent experience,Full time course,Graduate,STEM,5,,,1
